{
  "": {
    "cargo_name": "",
    "density": 0,
    "group_name": ""
  },
  "act": {
    "cargo_name": "act",
    "group": 18,
    "density": 0.7791,
    "tank_limit": 98.0,
    "pollution_cat": "Z",
    "vapor_pressure": 180.0,
    "vapor_density": 2.0,
    "melt_point": -95.0,
    "miscibility": true,
    "group_name": "ketones"
  },
  "an": {
    "cargo_name": "an",
    "group": 15,
    "density": 0.7949,
    "tank_limit": 98.0,
    "pollution_cat": "Y",
    "vapor_pressure": 83.0,
    "vapor_density": 1.8,
    "melt_point": -85.0,
    "miscibility": false,
    "group_name": "substitute allyls"
  },
  "ab": {
    "cargo_name": "ab",
    "group": 32,
    "density": 0.8486,
    "tank_limit": 98.0,
    "pollution_cat": "Y",
    "vapor_pressure": 0.01,
    "vapor_density": 8.4,
    "melt_point": 4.0,
    "miscibility": false,
    "group_name": "aromatic hydrocarb.mix."
  },
  "benzene": {
    "cargo_name": "benzene",
    "cargo_name_simp": "bnz",
    "group": 32,
    "density": 0.8491,
    "tank_limit": 98.0,
    "pollution_cat": "Y",
    "vapor_pressure": 75.0,
    "vapor_density": 2.8,
    "melt_point": 6.0,
    "miscibility": false,
    "group_name": "aromatic hydrocarb.mix."
  },
  "cumene": {
    "cargo_name": "cumene",
    "cargo_name_simp": "cume",
    "group": 32,
    "density": 0.8521,
    "tank_limit": 98.0,
    "pollution_cat": "Y",
    "vapor_pressure": 8.0,
    "vapor_density": 4.2,
    "melt_point": -96.0,
    "miscibility": false,
    "group_name": "aromatic hydrocarb.mix."
  },
  "css": {
    "cargo_name": "css",
    "group": 5,
    "density": 1.5178,
    "tank_limit": null,
    "pollution_cat": "Y",
    "vapor_pressure": null,
    "vapor_density": null,
    "melt_point": 5.0,
    "miscibility": true,
    "group_name": "caustics"
  },
  "deg": {
    "cargo_name": "deg",
    "group": 40,
    "density": 1.1073,
    "tank_limit": 98.0,
    "pollution_cat": "Z",
    "vapor_pressure": null,
    "vapor_density": 3.66,
    "melt_point": -6.0,
    "miscibility": true,
    "group_name": "glycol ethers"
  },
  "ea": {
    "cargo_name": "ea",
    "group": 20,
    "density": 0.7825,
    "tank_limit": 98.0,
    "pollution_cat": "Z",
    "vapor_pressure": 44.0,
    "vapor_density": 1.6,
    "melt_point": -114.0,
    "miscibility": true,
    "group_name": "alcohols, glycols"
  },
  "eb": {
    "cargo_name": "eb",
    "group": 32,
    "density": 0.8412,
    "tank_limit": 98.0,
    "pollution_cat": "Y",
    "vapor_pressure": 15.3,
    "vapor_density": 3.66,
    "melt_point": -95.0,
    "miscibility": false,
    "group_name": "aromatic hydrocarb.mix."
  },
  "edc": {
    "cargo_name": "edc",
    "group": 36,
    "density": 1.2375,
    "tank_limit": 98.0,
    "pollution_cat": "Y",
    "vapor_pressure": 100.0,
    "vapor_density": 3.42,
    "melt_point": -36.0,
    "miscibility": false,
    "group_name": "halogenated hydrocarbons"
  },
  "eg": {
    "cargo_name": "eg",
    "group": 20,
    "density": 1.1052,
    "tank_limit": 98.0,
    "pollution_cat": "Y",
    "vapor_pressure": 0.05,
    "vapor_density": 2.21,
    "melt_point": -12.0,
    "miscibility": true,
    "group_name": "alcohols, glycols"
  },
  "eh2": {
    "cargo_name": "eh2",
    "group": 20,
    "density": 0.8244,
    "tank_limit": 98.0,
    "pollution_cat": "Y",
    "vapor_pressure": 0.36,
    "vapor_density": 4.5,
    "melt_point": null,
    "miscibility": false,
    "group_name": "alcohols, glycols"
  },
  "meoh": {
    "cargo_name": "meoh",
    "group": 20,
    "density": 0.7814,
    "tank_limit": 98.0,
    "pollution_cat": "Y",
    "vapor_pressure": 100.0,
    "vapor_density": 1.11,
    "melt_point": -98.0,
    "miscibility": true,
    "group_name": "alcohols, glycols"
  },
  "meg": {
    "cargo_name": "meg",
    "group": 20,
    "density": 1.1055,
    "tank_limit": 98.0,
    "pollution_cat": "Y",
    "vapor_pressure": 0.05,
    "vapor_density": 2.21,
    "melt_point": -12.0,
    "miscibility": true,
    "group_name": "alcohols, glycols"
  },
  "mtbe": {
    "cargo_name": "mtbe",
    "group": 41,
    "density": 0.7286,
    "tank_limit": 98.0,
    "pollution_cat": "Z",
    "vapor_pressure": 245.0,
    "vapor_density": 3.1,
    "melt_point": -109.0,
    "miscibility": false,
    "group_name": "ethers"
  },
  "mx": {
    "cargo_name": "mx",
    "group": 32,
    "density": 0.8566,
    "tank_limit": 98.0,
    "pollution_cat": "Y",
    "vapor_pressure": 10.0,
    "vapor_density": 3.66,
    "melt_point": -47.0,
    "miscibility": false,
    "group_name": "aromatic hydrocarb.mix."
  },
  "px": {
    "cargo_name": "px",
    "cargo_name_simp": "px",
    "group": 32,
    "density": 0.8522,
    "tank_limit": 98.0,
    "pollution_cat": "Y",
    "vapor_pressure": 10.0,
    "vapor_density": 3.66,
    "melt_point": null,
    "miscibility": false,
    "group_name": "aromatic hydrocarb.mix."
  },
  "nba": {
    "cargo_name": "nba",
    "group": 20,
    "density": 0.8001,
    "tank_limit": 98.0,
    "pollution_cat": "Y",
    "vapor_pressure": 8.8,
    "vapor_density": 2.6,
    "melt_point": -84.0,
    "miscibility": false,
    "group_name": "alcohols, glycols"
  },
  "sm": {
    "cargo_name": "sm",
    "group": 30,
    "density": 0.8973,
    "tank_limit": 98.0,
    "pollution_cat": "Y",
    "vapor_pressure": 6.0,
    "vapor_density": 3.6,
    "melt_point": -30.0,
    "miscibility": false,
    "group_name": "olefins"
  },
  "toluene": {
    "cargo_name": "toluene",
    "cargo_name_simp": "tol",
    "group": 32,
    "density": 0.8556,
    "tank_limit": 98.0,
    "pollution_cat": "Y",
    "vapor_pressure": 28.0,
    "vapor_density": 3.14,
    "melt_point": -95.0,
    "miscibility": false,
    "group_name": "aromatic hydrocarb.mix."
  },
  "vam": {
    "cargo_name": "vam",
    "group": 13,
    "density": 0.9187,
    "tank_limit": 98.0,
    "pollution_cat": "Y",
    "vapor_pressure": 90.0,
    "vapor_density": 2.97,
    "melt_point": -100.0,
    "miscibility": false,
    "group_name": "vinyl acetate"
  },
  "xy": {
    "cargo_name": "xy",
    "group": 32,
    "density": 0.8518,
    "tank_limit": 98.0,
    "pollution_cat": "Y",
    "vapor_pressure": 10.0,
    "vapor_density": 3.66,
    "melt_point": -47.0,
    "miscibility": false,
    "group_name": "aromatic hydrocarb.mix."
  },
  "nitric": {
    "TEMP CARGO NAME !!!": "TEMP !!!",
    "cargo_name": "nitric",
    "group": 3,
    "density": 1,
    "group_name": "nitric acid"
  }
}