{
  "PANAMA": {
    "0": {
      "draft": -1
    }
  },
  "MAILIAO": {
    "0": {
      "draft": -1
    }
  },
  "KAOHSIUNG": {
    "0": {
      "draft": -1
    }
  },
  "ULSAN": {
    "0": {
      "draft": -1
    }
  },
  "HOUSTON": {
    "0": {
      "draft": -1
    }
  },
  "PHILADELPHIA": {
    "0": {
      "draft": -1
    }
  },
  "BATON ROUGE": {
    "0": {
      "draft": -1
    }
  },
  "KALAMA": {
    "0": {
      "draft": -1
    }
  },
  "PUERTO QUETZAL": {
    "0": {
      "draft": -1
    }
  }
}