{
  "ship_30": {
    "ship_number": 30,
    "### SHIP TYPE : (temp comment)": "{0: chemical, 1: oil, 2: bulk, 3: liquid}",
    "ship_type": 0,
    "ship_weight_limit": 45000,
    "com_num": 16,
    "daily_cost": 16044,
    "port_fee_no": 7,
    "com_limit": {
      "0": 10000,
      "1": 10000,
      "2": 10000,
      "3": 10000,
      "4": 10000,
      "5": 10000,
      "6": 10000,
      "7": 10000,
      "8": 10000,
      "9": 10000,
      "10": 10000,
      "11": 10000,
      "12": 10000,
      "13": 10000,
      "14": 10000,
      "15": 10000
    },
    "com_dic": {
        "0":"P1",
        "1":"P2",
        "2":"P3",
        "3":"P4",
        "4":"P5",
        "5":"P6",
        "6":"P7",
        "7":"P8",
        "8":"S1",
        "9":"S2",
        "10":"S3",
        "11":"S4",
        "12":"S5",
        "13":"S6",
        "14":"S7",
        "15":"S8"
    },
    "com_near": {
      "0": [1, 8],
      "1": [0, 2, 9],
      "2": [1, 3, 10],
      "3": [2, 4, 11],
      "4": [3, 5, 12],
      "5": [4, 6, 13],
      "6": [5, 7, 14],
      "7": [6, 15],
      "8": [0, 9],
      "9": [1, 8, 10],
      "10": [2, 9, 11],
      "11": [3, 10, 12],
      "12": [4, 11, 13],
      "13": [5, 12, 14],
      "14": [6, 13, 15],
      "15": [7, 14]
    },
    "load_factor": {
        "0":67.8,
        "1":97.9,
        "2":81.6,
        "3":93.7,
        "4":86.7,
        "5":97.7,
        "6":93.3,
        "7":93.0,
        "8":97.2,
        "9":94.5,
        "10":94.9,
        "11":80.8,
        "12":78.4,
        "13":97.9,
        "14":97.6,
        "15":90.5
    }
  },
  "ship_31": {
    "ship_number": 31,
    "ship_type": 0,
    "ship_weight_limit": 45000,
    "com_num": 16,
    "daily_cost": 14676,
    "port_fee_no": 7,
    "com_limit": {
        "0": 10000,
        "1": 10000,
        "2": 10000,
        "3": 10000,
        "4": 10000,
        "5": 10000,
        "6": 10000,
        "7": 10000,
        "8": 10000,
        "9": 10000,
        "10": 10000,
        "11": 10000,
        "12": 10000,
        "13": 10000,
        "14": 10000,
        "15": 10000
    },
    "com_dic": {
        "0":"P1",
        "1":"P2",
        "2":"P3",
        "3":"P4",
        "4":"P5",
        "5":"P6",
        "6":"P7",
        "7":"P8",
        "8":"S1",
        "9":"S2",
        "10":"S3",
        "11":"S4",
        "12":"S5",
        "13":"S6",
        "14":"S7",
        "15":"S8"
    },
    "com_near": {
      "0": [1, 8],
      "1": [0, 2, 9],
      "2": [1, 3, 10],
      "3": [2, 4, 11],
      "4": [3, 5, 12],
      "5": [4, 6, 13],
      "6": [5, 7, 14],
      "7": [6, 15],
      "8": [0, 9],
      "9": [1, 8, 10],
      "10": [2, 9, 11],
      "11": [3, 10, 12],
      "12": [4, 11, 13],
      "13": [5, 12, 14],
      "14": [6, 13, 15],
      "15": [7, 14]
    },
    "load_factor": {
        "0":67.8,
        "1":97.9,
        "2":81.6,
        "3":93.7,
        "4":86.7,
        "5":97.7,
        "6":93.3,
        "7":93.0,
        "8":97.2,
        "9":94.5,
        "10":94.9,
        "11":80.8,
        "12":78.4,
        "13":97.9,
        "14":97.6,
        "15":90.5
    }
  },
  "ship_32": {
    "ship_number": 32,
    "ship_type": 0,
    "ship_weight_limit": 45000,
    "com_num": 16,
    "daily_cost": 14284,
    "port_fee_no": 7,
    "com_limit": {
        "0": 10000,
        "1": 10000,
        "2": 10000,
        "3": 10000,
        "4": 10000,
        "5": 10000,
        "6": 10000,
        "7": 10000,
        "8": 10000,
        "9": 10000,
        "10": 10000,
        "11": 10000,
        "12": 10000,
        "13": 10000,
        "14": 10000,
        "15": 10000
    },
    "com_dic": {
        "0":"P1",
        "1":"P2",
        "2":"P3",
        "3":"P4",
        "4":"P5",
        "5":"P6",
        "6":"P7",
        "7":"P8",
        "8":"S1",
        "9":"S2",
        "10":"S3",
        "11":"S4",
        "12":"S5",
        "13":"S6",
        "14":"S7",
        "15":"S8"
    },
    "com_near": {
      "0": [1, 8],
      "1": [0, 2, 9],
      "2": [1, 3, 10],
      "3": [2, 4, 11],
      "4": [3, 5, 12],
      "5": [4, 6, 13],
      "6": [5, 7, 14],
      "7": [6, 15],
      "8": [0, 9],
      "9": [1, 8, 10],
      "10": [2, 9, 11],
      "11": [3, 10, 12],
      "12": [4, 11, 13],
      "13": [5, 12, 14],
      "14": [6, 13, 15],
      "15": [7, 14]
    },
    "load_factor": {
        "0":67.8,
        "1":97.9,
        "2":81.6,
        "3":93.7,
        "4":86.7,
        "5":97.7,
        "6":93.3,
        "7":93.0,
        "8":97.2,
        "9":94.5,
        "10":94.9,
        "11":80.8,
        "12":78.4,
        "13":97.9,
        "14":97.6,
        "15":90.5
    }
  },
  "ship_33": {
    "ship_number": 33,
    "ship_type": 0,
    "ship_weight_limit": 45000,
    "com_num": 16,
    "daily_cost": 13408,
    "port_fee_no": 7,
    "com_limit": {
        "0": 2417.1,
        "1": 2825.7,
        "2": 4332.6,
        "3": 4410.6,
        "4": 4409.2,
        "5": 3054.6,
        "6": 2845.9,
        "7": 2333.6,
        "8": 2421.6,
        "9": 2825.7,
        "10": 4332.6,
        "11": 4410.6,
        "12": 4407.9,
        "13": 3054.6,
        "14": 2845.9,
        "15": 2603.1
    },
    "com_dic": {
        "0":"P1",
        "1":"P2",
        "2":"P3",
        "3":"P4",
        "4":"P5",
        "5":"P6",
        "6":"P7",
        "7":"P8",
        "8":"S1",
        "9":"S2",
        "10":"S3",
        "11":"S4",
        "12":"S5",
        "13":"S6",
        "14":"S7",
        "15":"S8"
    },
    "com_near": {
      "0": [1, 8],
      "1": [0, 2, 9],
      "2": [1, 3, 10],
      "3": [2, 4, 11],
      "4": [3, 5, 12],
      "5": [4, 6, 13],
      "6": [5, 7, 14],
      "7": [6, 15],
      "8": [0, 9],
      "9": [1, 8, 10],
      "10": [2, 9, 11],
      "11": [3, 10, 12],
      "12": [4, 11, 13],
      "13": [5, 12, 14],
      "14": [6, 13, 15],
      "15": [7, 14]
    },
    "load_factor": {
        "0":67.8,
        "1":97.9,
        "2":81.6,
        "3":93.7,
        "4":86.7,
        "5":97.7,
        "6":93.3,
        "7":93.0,
        "8":97.2,
        "9":94.5,
        "10":94.9,
        "11":80.8,
        "12":78.4,
        "13":97.9,
        "14":97.6,
        "15":90.5
    }
  },
  "ship_34": {
    "ship_number": 34,
    "ship_type": 0,
    "ship_weight_limit": 45000,
    "com_num": 16,
    "daily_cost": 12953,
    "port_fee_no": 7,
    "com_limit": {
        "0": 10000,
        "1": 10000,
        "2": 10000,
        "3": 10000,
        "4": 10000,
        "5": 10000,
        "6": 10000,
        "7": 10000,
        "8": 10000,
        "9": 10000,
        "10": 10000,
        "11": 10000,
        "12": 10000,
        "13": 10000,
        "14": 10000,
        "15": 10000
    },
    "com_dic": {
        "0":"P1",
        "1":"P2",
        "2":"P3",
        "3":"P4",
        "4":"P5",
        "5":"P6",
        "6":"P7",
        "7":"P8",
        "8":"S1",
        "9":"S2",
        "10":"S3",
        "11":"S4",
        "12":"S5",
        "13":"S6",
        "14":"S7",
        "15":"S8"
    },
    "com_near": {
      "0": [1, 8],
      "1": [0, 2, 9],
      "2": [1, 3, 10],
      "3": [2, 4, 11],
      "4": [3, 5, 12],
      "5": [4, 6, 13],
      "6": [5, 7, 14],
      "7": [6, 15],
      "8": [0, 9],
      "9": [1, 8, 10],
      "10": [2, 9, 11],
      "11": [3, 10, 12],
      "12": [4, 11, 13],
      "13": [5, 12, 14],
      "14": [6, 13, 15],
      "15": [7, 14]
    },
    "load_factor": {
        "0":67.8,
        "1":97.9,
        "2":81.6,
        "3":93.7,
        "4":86.7,
        "5":97.7,
        "6":93.3,
        "7":93.0,
        "8":97.2,
        "9":94.5,
        "10":94.9,
        "11":80.8,
        "12":78.4,
        "13":97.9,
        "14":97.6,
        "15":90.5
    }
  },
  "ship_35": {
    "ship_number": 35,
    "ship_type": 0,
    "ship_weight_limit": 45000,
    "com_num": 16,
    "daily_cost": 14471,
    "port_fee_no": 7,
    "com_limit": {
        "0": 10000,
        "1": 10000,
        "2": 10000,
        "3": 10000,
        "4": 10000,
        "5": 10000,
        "6": 10000,
        "7": 10000,
        "8": 10000,
        "9": 10000,
        "10": 10000,
        "11": 10000,
        "12": 10000,
        "13": 10000,
        "14": 10000,
        "15": 10000
    },
    "com_dic": {
        "0":"P1",
        "1":"P2",
        "2":"P3",
        "3":"P4",
        "4":"P5",
        "5":"P6",
        "6":"P7",
        "7":"P8",
        "8":"S1",
        "9":"S2",
        "10":"S3",
        "11":"S4",
        "12":"S5",
        "13":"S6",
        "14":"S7",
        "15":"S8"
    },
    "com_near": {
      "0": [1, 8],
      "1": [0, 2, 9],
      "2": [1, 3, 10],
      "3": [2, 4, 11],
      "4": [3, 5, 12],
      "5": [4, 6, 13],
      "6": [5, 7, 14],
      "7": [6, 15],
      "8": [0, 9],
      "9": [1, 8, 10],
      "10": [2, 9, 11],
      "11": [3, 10, 12],
      "12": [4, 11, 13],
      "13": [5, 12, 14],
      "14": [6, 13, 15],
      "15": [7, 14]
    },
    "load_factor": {
        "0":67.8,
        "1":97.9,
        "2":81.6,
        "3":93.7,
        "4":86.7,
        "5":97.7,
        "6":93.3,
        "7":93.0,
        "8":97.2,
        "9":94.5,
        "10":94.9,
        "11":80.8,
        "12":78.4,
        "13":97.9,
        "14":97.6,
        "15":90.5
    }
  },
  "ship_36": {
    "ship_number": 36,
    "ship_type": 0,
    "ship_weight_limit": 45000,
    "com_num": 16,
    "daily_cost": 14697,
    "port_fee_no": 7,
    "com_limit": {
        "0": 10000,
        "1": 10000,
        "2": 10000,
        "3": 10000,
        "4": 10000,
        "5": 10000,
        "6": 10000,
        "7": 10000,
        "8": 10000,
        "9": 10000,
        "10": 10000,
        "11": 10000,
        "12": 10000,
        "13": 10000,
        "14": 10000,
        "15": 10000
    },
    "com_dic": {
        "0":"P1",
        "1":"P2",
        "2":"P3",
        "3":"P4",
        "4":"P5",
        "5":"P6",
        "6":"P7",
        "7":"P8",
        "8":"S1",
        "9":"S2",
        "10":"S3",
        "11":"S4",
        "12":"S5",
        "13":"S6",
        "14":"S7",
        "15":"S8"
    },
    "com_near": {
      "0": [1, 8],
      "1": [0, 2, 9],
      "2": [1, 3, 10],
      "3": [2, 4, 11],
      "4": [3, 5, 12],
      "5": [4, 6, 13],
      "6": [5, 7, 14],
      "7": [6, 15],
      "8": [0, 9],
      "9": [1, 8, 10],
      "10": [2, 9, 11],
      "11": [3, 10, 12],
      "12": [4, 11, 13],
      "13": [5, 12, 14],
      "14": [6, 13, 15],
      "15": [7, 14]
    },
    "load_factor": {
        "0":67.8,
        "1":97.9,
        "2":81.6,
        "3":93.7,
        "4":86.7,
        "5":97.7,
        "6":93.3,
        "7":93.0,
        "8":97.2,
        "9":94.5,
        "10":94.9,
        "11":80.8,
        "12":78.4,
        "13":97.9,
        "14":97.6,
        "15":90.5
    }
  }
}